Lily,99
Linda,95
Liam,95
Karen,94
Emma,94
Joseph,93
Isabella,93
John,92
James,92
Ryan,92
Elijah,92
Barbara,91
Andrew,91
Henry,91
Patricia,90
Daniel,90
Samuel,90
Richard,89
Emily,89
Grace,89
Michael,88
Nancy,88
Chloe,88
Charlotte,88
William,87
Sophia,87
Lucas,87
Thomas,86
Ethan,86
Benjamin,86
ï»¿Ahmad,85
Matthew,85
Gabriel,85
Susan,84
Olivia,84
Mia,84
David,83
Noah,83
Charles,82
Alexander,82
Robert,81
Zoe,81
Sarah,80
Ava,80
Christopher,79
Amelia,79
Elizabeth,78
Jessica,77
Mary,76
Yaseen,5
Khatib,1
Aziz,0
Aziz,0
Aziz,0
Aziz,0
Aziz,0
Aziz,0
Aziz,0
Aziz,0
Aziz,0
Aziz,0
Aziz,0
Aziz,0
Aziz,0
Aziz,0
Aziz,0
Aziz,0
Aziz,0
Aziz,0
Aziz,0
Aziz,0
Aziz,0
Aziz,0
Aziz,0
Aziz,0
Aziz,0
Aziz,0
Aziz,0
Aziz,0
Aziz,0
Aziz,0
Aziz,0
Aziz,0
